date,price
2017-05-05,15.822
2017-05-08,15.457
2017-05-09,15.42
2017-05-10,15.542
2017-05-11,15.4
2017-05-12,15.35
2017-05-15,15.49
2017-05-16,15.345
2017-05-17,15.578
2017-05-18,15.722
2017-05-19,15.5
2017-05-22,15.501
2017-05-23,15.634
2017-05-24,15.549
2017-05-25,15.377
2017-05-26,15.35
2017-05-29,15.425
2017-05-30,15.65
2017-05-31,15.295
2017-06-01,15.1
2017-06-02,14.943
2017-06-05,15.025
2017-06-06,14.846
2017-06-07,14.925
2017-06-08,15.285
2017-06-09,15.002
2017-06-12,14.794
2017-06-13,14.671
2017-06-14,14.7
2017-06-15,14.583
2017-06-16,14.599
2017-06-19,14.755
2017-06-20,14.794
2017-06-21,14.733
2017-06-22,14.619
2017-06-23,14.625
2017-06-26,14.799
2017-06-27,15.011
2017-06-28,15.127
2017-06-29,14.975
2017-06-30,14.84
2017-07-03,15.124
2017-07-04,14.954
2017-07-05,14.949
2017-07-06,15.003
2017-07-07,14.776
2017-07-10,14.597
2017-07-11,14.461
2017-07-12,14.469
2017-07-13,14.6
2017-07-14,14.635
2017-07-17,14.871
2017-07-18,14.74
2017-07-19,14.775
2017-07-20,14.948
2017-07-21,14.884
2017-07-24,14.723
2017-07-25,14.828
2017-07-26,15.177
2017-07-27,15.129
2017-07-28,14.983
2017-07-31,14.966
2017-08-01,14.675
2017-08-02,14.742
2017-08-03,14.79
2017-08-04,15
2017-08-07,15.349
2017-08-08,15.173
2017-08-09,15.571
2017-08-10,15.775
2017-08-11,16.014
2017-08-14,15.875
2017-08-15,15.577
2017-08-16,16.098
2017-08-17,16.198
2017-08-18,16.098
2017-08-21,16.182
2017-08-22,16.153
2017-08-23,16.36
2017-08-24,16.348
2017-08-25,16.303
2017-08-28,16.305
2017-08-29,16.471
2017-08-30,16.519
2017-08-31,16.451
2017-09-01,16.412
2017-09-04,16.449
2017-09-05,16.847
2017-09-06,16.827
2017-09-07,16.799
2017-09-08,16.787
2017-09-11,17.193
2017-09-12,17.152
2017-09-13,17.292
2017-09-14,17.585
2017-09-15,17.198
2017-09-18,17.103
2017-09-19,17.127
2017-09-20,16.925
2017-09-21,16.75
2017-09-22,16.647
2017-09-25,17.406
2017-09-26,17.36
2017-09-27,17.496
2017-09-28,17.608
2017-09-29,17.382
2017-10-02,17.633
2017-10-04,17.958
2017-10-05,18.079
2017-10-06,18.049
2017-10-09,18.227
2017-10-10,18.1
2017-10-11,18.038
2017-10-12,17.872
2017-10-13,17.94
2017-10-16,18.131
2017-10-17,18.082
2017-10-18,18.305
2017-10-19,18.1
2017-10-20,17.769
2017-10-23,17.723
2017-10-24,17.573
2017-10-25,17.73
2017-10-26,17.6
2017-10-27,17.62
2017-10-30,17.612
2017-10-31,18.211
2017-11-01,18.436
2017-11-02,18.45
2017-11-03,18.215
2017-11-06,18.856
2017-11-07,19.22
2017-11-08,19.251
2017-11-09,19.418
2017-11-10,19.633
2017-11-13,19.835
2017-11-14,19.25
2017-11-15,18.895
2017-11-16,19.185
2017-11-17,18.85
2017-11-20,19.389
2017-11-21,19.746
2017-11-22,19.588
2017-11-23,19.943
2017-11-24,20.441
2017-11-27,20.608
2017-11-28,20.236
2017-11-29,20.339
2017-11-30,20.304
2017-12-01,20.852
2017-12-04,21.303
2017-12-05,21.355
2017-12-06,21.175
2017-12-07,21.375
2017-12-08,20.95
2017-12-11,20.985
2017-12-12,21.764
2017-12-13,20.648
2017-12-14,21.303
2017-12-15,21.036
2017-12-18,20.475
2017-12-19,20.122
2017-12-20,20.336
2017-12-21,20.016
2017-12-22,19.675
2017-12-27,19.167
2017-12-28,19.711
2017-12-29,19.625
2018-01-02,19.428
2018-01-03,19.31
2018-01-04,19.2
2018-01-05,18.927
2018-01-08,19.059
2018-01-09,19.446
2018-01-10,19.512
2018-01-11,19.332
2018-01-12,19.854
2018-01-15,19.175
2018-01-16,18.999
2018-01-17,18.465
2018-01-18,18.3
2018-01-19,18.177
2018-01-22,18.539
2018-01-23,18.234
2018-01-24,17.862
2018-01-25,17.781
2018-01-26,17.853
2018-01-29,17.486
2018-01-30,17.351
2018-01-31,17.95
2018-02-01,18.25
2018-02-02,18.185
2018-02-05,17.624
2018-02-06,17.857
2018-02-07,18.262
2018-02-08,17.898
2018-02-09,17.901
2018-02-12,17.955
2018-02-13,18.31
2018-02-14,18.153
2018-02-15,17.775
2018-02-16,18.204
2018-02-19,19.181
2018-02-20,19.888
2018-02-21,19.806
2018-02-22,19.928
2018-02-23,20.71
2018-02-26,18.602
2018-02-27,19.185
2018-02-28,17.35
2018-03-01,17.542
2018-03-02,17.925
2018-03-05,17.54
2018-03-06,17.811
2018-03-07,17.803
2018-03-08,18.28
2018-03-09,18.937
2018-03-12,19.825
2018-03-13,19.595
2018-03-14,18.411
2018-03-15,18.92
2018-03-16,18.679
2018-03-19,18.737
2018-03-20,19.163
2018-03-21,19.375
2018-03-22,19.019
2018-03-23,18.453
2018-03-26,17.979
2018-03-27,18.493
2018-03-28,18.393
2018-03-29,18.206
2018-04-03,18.05
2018-04-04,18.193
2018-04-05,18.155
2018-04-06,18.159
2018-04-09,18.639
2018-04-10,18.855
2018-04-11,19.295
2018-04-12,19.222
2018-04-13,19.6
2018-04-16,19.44
2018-04-17,19.084
2018-04-18,19.35
2018-04-19,19.764
2018-04-20,19.774
2018-04-23,19.942
2018-04-24,19.684
2018-04-25,19.871
2018-04-26,20.168
2018-04-27,20.248
2018-05-01,20.16
2018-05-02,19.876
2018-05-03,19.896
2018-05-04,20.4
2018-05-07,20.65
2018-05-08,20.677
2018-05-09,20.837
2018-05-10,20.89
2018-05-11,21.242
2018-05-14,21.597
2018-05-15,21.692
2018-05-16,21.575
2018-05-17,22.242
2018-05-18,22.053
2018-05-21,22.316
2018-05-22,22.968
2018-05-23,22.754
2018-05-24,22.743
2018-05-25,21.918
2018-05-28,21.956
2018-05-29,22.79
2018-05-30,23.087
2018-05-31,22.6
2018-06-01,21.755
2018-06-04,21.947
2018-06-05,21.475
2018-06-06,21.311
2018-06-07,21.65
2018-06-08,21.536
2018-06-11,21.339
2018-06-12,21.79
2018-06-13,22.389
2018-06-14,22.488
2018-06-15,21.76
2018-06-18,22.175
2018-06-19,21.702
2018-06-21,21.572
2018-06-22,21.682
2018-06-25,21.594
2018-06-26,21.461
2018-06-27,22.039
2018-06-28,21.96
2018-06-29,21.87
2018-07-02,22.2
2018-07-03,22.282
2018-07-04,22.251
2018-07-05,22.463
2018-07-06,22.356
2018-07-09,22.732
2018-07-10,22.731
2018-07-11,22.58
2018-07-12,21.971
2018-07-13,22.264
2018-07-16,22.022
2018-07-17,21.852
2018-07-18,22.138
2018-07-19,22.153
2018-07-20,21.874
2018-07-23,22.028
2018-07-24,22.097
2018-07-25,22.172
2018-07-27,21.892
2018-07-30,22.059
2018-07-31,22.113
2018-08-01,21.932
2018-08-02,21.936
2018-08-03,22.261
2018-08-06,22.5
2018-08-07,22.611
2018-08-08,22.599
2018-08-09,22.713
2018-08-10,22.881
2018-08-13,23.5
2018-08-14,23.724
2018-08-15,23.519
2018-08-16,23.833
2018-08-17,24.153
2018-08-20,24.179
2018-08-21,24.406
2018-08-22,24.448
2018-08-23,24.76
2018-08-24,24.975
2018-08-27,25.411
2018-08-28,25.36
2018-08-29,25.868
2018-08-30,26.13
2018-08-31,25.837
2018-09-03,26.239
2018-09-04,26.712
2018-09-05,27.019
2018-09-06,27.454
2018-09-07,27.989
2018-09-10,29.125
2018-09-11,28.782
2018-09-12,27.494
2018-09-13,26.808
2018-09-14,26.929
2018-09-17,28.077
2018-09-18,27.41
2018-09-19,28.322
2018-09-20,28.591
2018-09-21,28.724
2018-09-24,29.244
2018-09-25,29.232
2018-09-26,28.262
2018-09-27,27.577
2018-09-28,27.329
2018-10-01,27.443
2018-10-02,27.257
2018-10-03,27.114
2018-10-04,27.471
2018-10-05,27.902
2018-10-08,27.218
2018-10-09,26.835
2018-10-10,26.22
2018-10-11,25.759
2018-10-12,26.628
2018-10-15,26.625
2018-10-16,26.328
2018-10-17,25.942
2018-10-18,26.025
2018-10-19,26.858
2018-10-22,26.114
2018-10-23,25.667
2018-10-24,25.261
2018-10-25,24.866
2018-10-26,24.281
2018-10-29,24.578
2018-10-30,23.873
2018-10-31,24.333
2018-11-01,23.649
2018-11-02,24.283
2018-11-05,23.808
2018-11-06,23.896
2018-11-07,24.42
2018-11-08,24.429
2018-11-09,24.326
2018-11-12,25.955
2018-11-13,26.519
2018-11-14,26.278
2018-11-15,26.677
2018-11-16,25.956
2018-11-19,24.152
2018-11-20,24.352
2018-11-21,24.5
2018-11-22,24.71
2018-11-23,24.819
2018-11-26,24.543
2018-11-27,25.159
2018-11-28,24.302
2018-11-29,24.633
2018-11-30,24.691
2018-12-03,25.083
2018-12-04,24.417
2018-12-05,23.822
2018-12-06,23.166
2018-12-07,23.143
2018-12-10,23.25
2018-12-11,23.621
2018-12-12,23.92
2018-12-13,24.226
2018-12-14,24.646
2018-12-17,24.681
2018-12-18,23.732
2018-12-19,24.21
2018-12-20,24.605
2018-12-21,24.9
2018-12-24,24.247
2018-12-27,23.32
2018-12-28,22.81
2018-12-31,21.982
2019-01-02,22.473
2019-01-03,22.256
2019-01-04,22.93
2019-01-07,21.531
2019-01-08,22.092
2019-01-09,21.719
2019-01-10,21.674
2019-01-11,22.255
2019-01-14,21.675
2019-01-15,21.999
2019-01-16,22.005
2019-01-17,22.994
2019-01-18,22.604
2019-01-21,21.774
2019-01-22,21.813
2019-01-23,22.191
2019-01-24,21.279
2019-01-25,20.889
2019-01-28,20.552
2019-01-29,20.586
2019-01-30,20.181
2019-01-31,19.852
2019-02-01,19.299
2019-02-04,19.355
2019-02-05,19.138
2019-02-06,18.916
2019-02-07,18.912
2019-02-08,18.264
2019-02-11,18.053
2019-02-12,17.785
2019-02-13,18.022
2019-02-14,17.755
2019-02-15,18.1
2019-02-18,17.429
2019-02-19,17.703
2019-02-20,18.144
2019-02-21,17.521
2019-02-22,17.231
2019-02-25,16.946
2019-02-26,17.044
2019-02-27,17.617
2019-02-28,17.814
2019-03-01,17.321
2019-03-04,17.4
2019-03-05,17.181
2019-03-06,16.851
2019-03-07,16.868
2019-03-08,16.729
2019-03-11,16.623
2019-03-12,16.209
2019-03-13,15.725
2019-03-14,15.603
2019-03-15,15.252
2019-03-18,14.98
2019-03-19,15.003
2019-03-20,15.213
2019-03-21,14.563
2019-03-22,14.454
2019-03-25,14.185
2019-03-26,14.384
2019-03-27,14.994
2019-03-28,14.428
2019-03-29,14.213
2019-04-01,13.844
2019-04-02,13.457
2019-04-03,14.189
2019-04-04,14.807
2019-04-05,16.633
2019-04-08,15.964
2019-04-09,16.757
2019-04-10,15.73
2019-04-11,15.995
2019-04-12,15.853
2019-04-15,15.012
2019-04-16,14.836
2019-04-17,15.195
2019-04-18,14.462
2019-04-23,14.422
2019-04-24,14.264
2019-04-25,14.535
2019-04-26,14.423
2019-04-29,14.525
2019-04-30,14.389
2019-05-01,14.056
2019-05-02,14.366
2019-05-03,14.566
2019-05-06,14.335
2019-05-07,14.155
2019-05-08,14.322
2019-05-09,14.457
2019-05-10,13.997
2019-05-13,13.761
2019-05-14,13.783
2019-05-15,13.856
2019-05-16,13.385
2019-05-17,12.856
2019-05-20,12.903
2019-05-21,12.705
2019-05-22,12.649
2019-05-23,12.595
2019-05-24,12.249
2019-05-27,12.162
2019-05-28,12.518
2019-05-29,12.223
2019-05-30,11.476
2019-05-31,11.205
2019-06-03,11.1
2019-06-04,11.91
2019-06-05,11.601
2019-06-06,11.103
2019-06-07,11.52
2019-06-10,11.804
2019-06-11,11.202
2019-06-12,11.142
2019-06-13,11.395
2019-06-14,11.319
2019-06-17,11.572
2019-06-18,11.034
2019-06-19,10.484
2019-06-20,10.148
2019-06-21,10.355
2019-06-24,10.198
2019-06-25,9.847
2019-06-26,9.62
2019-06-27,9.376
2019-06-28,10.117
2019-07-01,10.365
2019-07-02,10.227
2019-07-03,10.294
2019-07-04,10.546
2019-07-05,11.216
2019-07-08,11.878
2019-07-09,11.758
2019-07-10,12.133
2019-07-11,13.129
2019-07-12,13.278
2019-07-15,12.893
2019-07-16,11.415
2019-07-17,10.988
2019-07-18,10.736
2019-07-19,10.813
2019-07-22,10.16
2019-07-23,10.749
2019-07-24,10.073
2019-07-25,10.023
2019-07-26,9.964
2019-07-29,9.811
2019-07-30,9.791
2019-07-31,10.998
2019-08-01,12.361
2019-08-02,12.013
2019-08-05,11.465
2019-08-06,10.952
2019-08-07,11.412
2019-08-08,12.075
2019-08-09,12.024
2019-08-12,11.42
2019-08-13,11.859
2019-08-14,11.18
2019-08-15,11.223
2019-08-16,10.955
2019-08-19,10.786
2019-08-20,11.217
2019-08-21,11.414
2019-08-22,10.991
2019-08-23,10.583
2019-08-26,10.313
2019-08-27,10.07
2019-08-28,10.236
2019-08-29,10.716
2019-08-30,12.797
2019-09-02,11.848
2019-09-03,12.098
2019-09-04,11.958
2019-09-05,12.236
2019-09-06,12.351
2019-09-09,12.236
2019-09-10,14.404
2019-09-11,14.355
2019-09-12,14.463
2019-09-13,14.711
2019-09-16,15.334
2019-09-17,13.441
2019-09-18,12.434
2019-09-19,12.255
2019-09-20,12.711
2019-09-23,12.243
2019-09-24,12.339
2019-09-25,11.949
2019-09-26,12.044
2019-09-27,11.939
2019-09-30,16.392
2019-10-01,16.762
2019-10-02,16.004
2019-10-03,16.008
2019-10-04,15.769
2019-10-07,15.507
2019-10-08,15.64
2019-10-09,15.573
2019-10-10,15.85
2019-10-11,16.136
2019-10-14,16.04
2019-10-15,16.065
2019-10-16,16.073
2019-10-17,16.027
2019-10-18,15.967
2019-10-21,15.61
2019-10-22,15.596
2019-10-23,15.415
2019-10-24,15.656
2019-10-25,15.235
2019-10-28,14.391
2019-10-29,13.833
2019-10-30,13.779
2019-10-31,16.133
2019-11-01,16.177
2019-11-04,16.478
2019-11-05,16.789
2019-11-06,16.281
2019-11-07,16.118
2019-11-08,15.942
2019-11-11,15.845
2019-11-12,15.546
2019-11-13,15.451
2019-11-14,15.669
2019-11-15,15.713
2019-11-18,15.229
2019-11-19,15.292
2019-11-20,15.588
2019-11-21,15.624
2019-11-22,16.048
2019-11-25,16.237
2019-11-26,15.849
2019-11-27,15.98
2019-11-28,15.649
2019-11-29,16.33
2019-12-02,15.81
2019-12-03,15.771
2019-12-04,15.882
2019-12-05,15.415
2019-12-06,15.141
2019-12-09,14.888
2019-12-10,14.532
2019-12-11,14.047
2019-12-12,14.768
2019-12-13,13.804
2019-12-16,13.89
2019-12-17,14.461
2019-12-18,14.951
2019-12-19,15.007
2019-12-20,14.235
2019-12-23,13.027
2019-12-24,12.607
2019-12-27,12.767
2019-12-30,12.293
2019-12-31,12.051
2020-01-02,12.073
2020-01-03,12.985
2020-01-06,12.28
2020-01-07,11.929
2020-01-08,11.964
2020-01-09,12.179
2020-01-10,11.94
2020-01-13,12.054
2020-01-14,11.303
2020-01-15,11.179
2020-01-16,11.117
2020-01-17,10.929
2020-01-20,10.566
2020-01-21,10.777
2020-01-22,10.455
2020-01-23,10.428
2020-01-24,10.455
2020-01-27,10.526
2020-01-28,10.792
2020-01-29,10.15
2020-01-30,9.781
2020-01-31,9.755
2020-02-03,9.211
2020-02-04,9.366
2020-02-05,9.313
2020-02-06,9.149
2020-02-07,9.068
2020-02-10,8.643
2020-02-11,8.557
2020-02-12,8.722
2020-02-13,8.889
2020-02-14,8.879
2020-02-17,9.312
2020-02-18,9.38
2020-02-19,9.572
2020-02-20,9.567
2020-02-21,9.41
2020-02-24,9.044
2020-02-25,9.007
2020-02-26,9.071
2020-02-27,8.871
2020-02-28,8.874
2020-03-02,8.887
2020-03-03,9.169
2020-03-04,8.912
2020-03-05,8.849
2020-03-06,8.647
2020-03-09,8.627
2020-03-10,8.993
2020-03-11,9.369
2020-03-12,9.324
2020-03-13,9.285
2020-03-16,8.741
2020-03-17,8.47
2020-03-18,8.265
2020-03-19,8.544
2020-03-20,8.293
2020-03-23,7.849
2020-03-24,7.908
2020-03-25,7.744
2020-03-26,7.575
2020-03-27,7.218
2020-03-30,6.897
2020-03-31,6.902
2020-04-01,6.824
2020-04-02,6.935
2020-04-03,6.922
2020-04-06,7.287
2020-04-07,7.283
2020-04-08,7.259
2020-04-09,7.279
2020-04-14,6.874
2020-04-15,6.649
2020-04-16,6.907
2020-04-17,6.994
2020-04-20,6.618
2020-04-21,6.315
2020-04-22,6.226
2020-04-23,6.057
2020-04-24,5.77
2020-04-27,5.941
2020-04-28,6.147
2020-04-29,6.014
2020-04-30,6.221
2020-05-01,5.843
2020-05-04,5.74
2020-05-05,5.674
2020-05-06,5.763
2020-05-07,5.847
2020-05-08,5.831
2020-05-11,5.707
2020-05-12,5.313
2020-05-13,5.119
2020-05-14,5.265
2020-05-15,5.218
2020-05-18,4.922
2020-05-19,4.612
2020-05-20,4.462
2020-05-21,3.824
2020-05-22,3.889
2020-05-25,4.794
2020-05-26,4.123
2020-05-27,3.695
2020-05-28,3.509
2020-05-29,4.385
2020-06-01,4.053
2020-06-02,4.852
2020-06-03,5.331
2020-06-04,5.392
2020-06-05,5.708
2020-06-08,5.249
2020-06-09,4.806
2020-06-10,4.802
2020-06-11,4.988
2020-06-12,5.273
2020-06-15,5.516
2020-06-16,5.261
2020-06-17,5.209
2020-06-18,5.451
2020-06-19,5.615
2020-06-22,5.495
2020-06-23,5.829
2020-06-24,5.663
2020-06-25,5.256
2020-06-26,5.105
2020-06-29,5.839
2020-06-30,6.163
2020-07-01,5.863
2020-07-02,5.944
2020-07-03,6.031
2020-07-06,6.096
2020-07-07,6.124
2020-07-08,5.937
2020-07-09,5.757
2020-07-10,5.475
2020-07-13,5.11
2020-07-14,5.085
2020-07-15,5.226
2020-07-16,5.058
2020-07-17,5.114
2020-07-20,4.732
2020-07-21,4.792
2020-07-22,4.829
2020-07-23,4.984
2020-07-24,5.011
2020-07-27,4.787
2020-07-28,4.958
2020-07-29,5.177
2020-07-30,5.223
2020-07-31,6.023
2020-08-03,6.802
2020-08-04,7.355
2020-08-05,7.32
2020-08-06,7.94
2020-08-07,7.931
2020-08-10,7.589
2020-08-11,7.416
2020-08-12,7.172
2020-08-13,7.312
2020-08-14,8.019
2020-08-17,8.181
2020-08-18,8.549
2020-08-19,8.353
2020-08-20,8.15
2020-08-21,7.622
2020-08-24,8.361
2020-08-25,8.867
2020-08-26,9.149
2020-08-27,8.872
2020-08-28,11.169
2020-08-31,11.239
2020-09-01,11.297
2020-09-02,11.11
2020-09-03,11.733
2020-09-04,11.682
2020-09-07,11.232
2020-09-08,10.802
2020-09-09,10.734
2020-09-10,10.516
2020-09-11,10.497
2020-09-14,10.707
2020-09-15,10.896
2020-09-16,11.318
2020-09-17,11.121
2020-09-18,11.475
2020-09-21,11.497
2020-09-22,11.704
2020-09-23,12.019
2020-09-24,11.634
2020-09-25,11.666
2020-09-28,12.352
2020-09-29,12.28
2020-09-30,13.286
2020-10-01,13.181
2020-10-02,13.026
2020-10-05,13.419
2020-10-06,13.307
2020-10-07,13.709
2020-10-08,13.9
2020-10-09,13.753
2020-10-12,13.838
2020-10-13,13.596
2020-10-14,13.872
2020-10-15,14.239
2020-10-16,14.499
2020-10-19,14.718
2020-10-20,14.895
2020-10-21,14.867
2020-10-22,15.257
2020-10-23,15.41
2020-10-26,14.866
2020-10-27,14.743
2020-10-28,14.487
2020-10-29,14.216
2020-10-30,14.061
2020-11-02,13.656
2020-11-03,13.665
2020-11-04,13.883
2020-11-05,14.456
2020-11-06,13.902
2020-11-09,13.854
2020-11-10,14.035
2020-11-11,14.096
2020-11-12,14.001
2020-11-13,14.239
2020-11-16,14.494
2020-11-17,13.968
2020-11-18,13.682
2020-11-19,13.022
2020-11-20,12.894
2020-11-23,13.537
2020-11-24,13.902
2020-11-25,13.932
2020-11-26,13.914
2020-11-27,14.485
2020-11-30,15.138
2020-12-01,14.912
2020-12-02,14.905
2020-12-03,14.143
2020-12-04,14.643
2020-12-07,14.357
2020-12-08,14.447
2020-12-09,14.733
2020-12-10,15.539
2020-12-11,15.959
2020-12-14,16.607
2020-12-15,17.225
2020-12-16,16.381
2020-12-17,15.941
2020-12-18,15.886
2020-12-21,16.795
2020-12-22,17.636
2020-12-23,17.507
2020-12-24,17.649
2020-12-28,19.152
2020-12-29,18.774
2020-12-30,19.001
2020-12-31,19.123
2021-01-04,19.844
2021-01-05,18.007
2021-01-06,17.564
2021-01-07,19.303
2021-01-08,20.118
2021-01-11,22.124
2021-01-12,26.155
2021-01-13,21.5
2021-01-14,21.333
2021-01-15,20.2
2021-01-18,19.026
2021-01-19,20.327
2021-01-20,20.26
2021-01-21,20.063
2021-01-22,21.483
2021-01-25,20.162
2021-01-26,19.509
2021-01-27,19.701
2021-01-28,20.908
2021-01-29,19.819
2021-02-01,18.139
2021-02-02,18.251
2021-02-03,17.854
2021-02-04,18.12
2021-02-05,18.38
2021-02-08,20.179
2021-02-09,19.045
2021-02-10,18.558
2021-02-11,17.373
2021-02-12,17.618
2021-02-15,16.54
2021-02-16,16.715
2021-02-17,16.54
2021-02-18,17.329
2021-02-19,16.554
2021-02-22,15.96
2021-02-23,16.248
2021-02-24,16.381
2021-02-25,15.935
2021-02-26,15.694
2021-03-01,16.082
2021-03-02,15.869
2021-03-03,15.527
2021-03-04,15.932
2021-03-05,16.367
2021-03-08,16.151
2021-03-09,16.925
2021-03-10,17.632
2021-03-11,18.127
2021-03-12,18.448
2021-03-15,17.932
2021-03-16,17.658
2021-03-17,17.972
2021-03-18,17.761
2021-03-19,17.266
2021-03-22,18.046
2021-03-23,18.39
2021-03-24,18.589
2021-03-25,18.367
2021-03-26,18.699
2021-03-29,18.443
2021-03-30,18.804
2021-03-31,18.994
2021-04-01,19.172
2021-04-06,19.781
2021-04-07,19.287
2021-04-08,18.991
2021-04-09,18.938
2021-04-12,19.65
2021-04-13,19.512
2021-04-14,19.682
2021-04-15,20.26
2021-04-16,20.538
2021-04-19,20.941
2021-04-20,21.066
2021-04-21,21.109
2021-04-22,21.368
2021-04-23,20.046
2021-04-26,20.001
2021-04-27,21.403
2021-04-28,21.554
2021-04-29,22.501
2021-04-30,23.285
2021-05-03,23.813
2021-05-04,23.048
2021-05-05,23.962
2021-05-06,24.33
2021-05-07,23.941
2021-05-10,25.192
2021-05-11,25.803
2021-05-12,26.42
2021-05-13,26.251
2021-05-14,26.83
2021-05-17,26.31
2021-05-18,24.811
2021-05-19,22.663
2021-05-20,24.685
2021-05-21,24.794
2021-05-24,24.761
2021-05-25,26.188
2021-05-26,26.427
2021-05-27,25.199
2021-05-28,24.931
2021-05-31,25.123
2021-06-01,25.975
2021-06-02,25.723
2021-06-03,25.707
2021-06-04,25.795
2021-06-07,26.492
2021-06-08,27.802
2021-06-09,28.298
2021-06-10,28.687
2021-06-11,27.845
2021-06-14,28.81
2021-06-15,28.133
2021-06-16,28.03
2021-06-17,28.312
2021-06-18,29.404
2021-06-21,29.616
2021-06-22,30.737
2021-06-23,31.547
2021-06-24,32.016
2021-06-25,32.383
2021-06-28,32.289
2021-06-29,33.486
2021-06-30,34.622
2021-07-01,36.143
2021-07-02,35.827
2021-07-05,37.945
2021-07-06,34.105
2021-07-07,32.338
2021-07-08,33.312
2021-07-09,36.632
2021-07-12,34.649
2021-07-13,35.463
2021-07-14,34.775
2021-07-15,33.797
2021-07-16,34.842
2021-07-19,35.649
2021-07-20,35.165
2021-07-21,35.949
2021-07-22,36.129
2021-07-23,35.523
2021-07-26,36.914
2021-07-27,37.59
2021-07-28,39.698
2021-07-29,41.154
2021-07-30,40.756
2021-08-02,42.153
2021-08-03,41.243
2021-08-04,42.253
2021-08-05,42.899
2021-08-06,43.118
2021-08-09,42.786
2021-08-10,44.655
2021-08-11,45.986
2021-08-12,45.871
2021-08-13,44.628
2021-08-16,47.988
2021-08-17,46.949
2021-08-18,45.385
2021-08-19,40.395
2021-08-20,41.944
2021-08-23,41.68
2021-08-24,44.87
2021-08-25,45.285
2021-08-26,45.788
2021-08-27,47.806
2021-08-30,49.679
2021-08-31,50.338
2021-09-01,50.232
2021-09-02,51.916
2021-09-03,51.505
2021-09-07,53.908
2021-09-08,55.288
2021-09-09,56.581
2021-09-10,57.916
2021-09-13,61.279
2021-09-14,65.764
2021-09-15,70.707
2021-09-16,63.251
2021-09-17,65.103
2021-09-20,75.317
2021-09-21,73.782
2021-09-22,71.692
2021-09-23,69.684
2021-09-24,70.24
2021-09-27,76.507
2021-09-28,78.565
2021-09-29,86.609
2021-09-30,97.774
2021-10-01,93.625
2021-10-04,96.652
2021-10-05,116.02
2021-10-06,108.191
2021-10-07,96.584
2021-10-08,87.606
2021-10-11,85.216
2021-10-12,85.698
2021-10-13,93.616
2021-10-14,102.172
2021-10-15,93.648
2021-10-18,93.933
2021-10-19,89.932
2021-10-20,93.451
2021-10-21,88.463
2021-10-22,87.338
2021-10-25,88.643
2021-10-26,88.493
2021-10-27,86.819
2021-10-28,77.032
2021-10-29,64.864
2021-11-01,65.619
2021-11-02,67.606
2021-11-03,76.542
2021-11-04,73.376
2021-11-05,74.027
2021-11-08,79.074
2021-11-09,72.587
2021-11-10,68
2021-11-11,74.79
2021-11-12,75.675
2021-11-15,79.947
2021-11-16,94.189
2021-11-17,95.004
2021-11-18,95.167
2021-11-19,87.125
2021-11-22,84.017
2021-11-23,90.927
2021-11-24,93.984
2021-11-25,93.194
2021-11-26,87.772
2021-11-29,93.146
2021-11-30,92.513
2021-12-01,95.675
2021-12-02,94.83
2021-12-03,89.478
2021-12-06,89.928
2021-12-07,95.883
2021-12-08,101.502
2021-12-09,100.445
2021-12-10,105.776
2021-12-13,116.084
2021-12-14,128.301
2021-12-15,132.284
2021-12-16,142.765
2021-12-17,136.913
2021-12-20,146.926
2021-12-21,180.267
2021-12-22,172.875
2021-12-23,132.579
2021-12-24,110.469
2021-12-27,106.893
2021-12-28,106.59
2021-12-29,96.476
2021-12-30,87.027
2021-12-31,70.343
2022-01-03,80.434
2022-01-04,88.741
2022-01-05,91.522
2022-01-06,96.502
2022-01-07,88.174
2022-01-10,84.607
2022-01-11,78.736
2022-01-12,75.153
2022-01-13,85.46
2022-01-14,86.97
2022-01-17,77.012
2022-01-18,78.334
2022-01-19,75.602
2022-01-20,75.203
2022-01-21,78.98
2022-01-24,93
2022-01-25,93.582
2022-01-26,91.837
2022-01-27,92.301
2022-01-28,92.062
2022-01-31,84.672
2022-02-01,76.167
2022-02-02,77.351
2022-02-03,80.223
2022-02-04,82.652
2022-02-07,79.595
2022-02-08,77.3
2022-02-09,74.417
2022-02-10,74.353
2022-02-11,77.426
2022-02-14,80.771
2022-02-15,70.919
2022-02-16,69.795
2022-02-17,74.914
2022-02-18,73.762
2022-02-21,72.564
2022-02-22,79.789
2022-02-23,88.891
2022-02-24,134.316
2022-02-25,94.422
2022-02-28,98.595
2022-03-01,121.674
2022-03-02,165.543
2022-03-03,160.823
2022-03-04,192.55
2022-03-07,227.201
2022-03-08,214.554
2022-03-09,155.88
2022-03-10,126.399
2022-03-11,131.229
2022-03-14,114.522
2022-03-15,115.439
2022-03-16,102.623
2022-03-17,105.088
2022-03-18,105.044
2022-03-21,96.302
2022-03-22,98.747
2022-03-23,117.001
2022-03-24,111.608
2022-03-25,101.269
2022-03-28,102.545
2022-03-29,108.381
2022-03-30,118.97
2022-03-31,125.906
2022-04-01,112.15
2022-04-04,109.523
2022-04-05,108.564
2022-04-06,106.791
2022-04-07,104.564
2022-04-08,103.882
2022-04-11,100.137
2022-04-12,102.219
2022-04-13,105.324
2022-04-14,95.62
2022-04-18,95.62
2022-04-19,93.768
2022-04-20,94.231
2022-04-21,100.061
2022-04-22,94.875
2022-04-25,92.837
2022-04-26,103.208
2022-04-27,107.427
2022-04-28,100.142
2022-04-29,99.45
2022-05-02,97.051
2022-05-03,98.6
